"species","meanCount","minCount","maxCount"
"Brachy",8.72857142857143,0,42
"HPAV",8.51428571428571,0,37
"Protopl",0.371428571428571,0,13
"Trimalc2",2.07142857142857,0,33
